{"cameraMode":{"drawMode":0,"name":"Shaded","section":"Shading Mode"},"sceneLighting":false,"audioPlay":false,"sceneViewState":{"m_AlwaysRefresh":false,"showFog":true,"showSkybox":false,"showFlares":true,"showImageEffects":true,"showParticleSystems":true,"showVisualEffectGraphs":true,"m_FxEnabled":true},"in2DMode":false,"pivot":{"x":1.4901161193847657e-8,"y":-0.1666666716337204,"z":-0.0001666545867919922},"rotation":{"x":-0.09246737509965897,"y":-0.8374438285827637,"z":0.14985625445842744,"w":-0.5174946784973145},"size":0.7597320079803467,"orthographic":false}