{"cameraMode":{"drawMode":0,"name":"Shaded","section":"Shading Mode"},"sceneLighting":false,"audioPlay":false,"sceneViewState":{"m_AlwaysRefresh":false,"showFog":true,"showSkybox":false,"showFlares":true,"showImageEffects":true,"showParticleSystems":true,"showVisualEffectGraphs":true,"m_FxEnabled":true},"in2DMode":false,"pivot":{"x":8.330924987792969,"y":-1.0294198989868165,"z":-3.784869432449341},"rotation":{"x":0.4054562449455261,"y":0.12226444482803345,"z":-0.054826680570840839,"w":0.9042813181877136},"size":17.721960067749025,"orthographic":false}