{"cameraMode":{"drawMode":0,"name":"Shaded","section":"Shading Mode"},"sceneLighting":false,"audioPlay":false,"sceneViewState":{"m_AlwaysRefresh":false,"showFog":true,"showSkybox":false,"showFlares":true,"showImageEffects":true,"showParticleSystems":true,"showVisualEffectGraphs":true,"m_FxEnabled":true},"in2DMode":false,"pivot":{"x":-0.9982517957687378,"y":1.9376518726348878,"z":-1.4454492330551148},"rotation":{"x":0.007899761199951172,"y":-0.9070261716842651,"z":0.4208203852176666,"w":0.016867484897375108},"size":11.7808837890625,"orthographic":false}