{"cameraMode":{"drawMode":0,"name":"Shaded","section":"Shading Mode"},"sceneLighting":false,"audioPlay":false,"sceneViewState":{"m_AlwaysRefresh":false,"showFog":true,"showSkybox":false,"showFlares":true,"showImageEffects":true,"showParticleSystems":true,"showVisualEffectGraphs":true,"m_FxEnabled":true},"in2DMode":false,"pivot":{"x":-9.170660018920899,"y":1.3215590715408326,"z":-1.1050493717193604},"rotation":{"x":0.0008063364075496793,"y":0.8947740793228149,"z":-0.44654908776283266,"w":0.0016042914940044284},"size":2.8853485584259035,"orthographic":false}