{"cameraMode":{"drawMode":2,"name":"Shaded Wireframe","section":"Shading Mode"},"sceneLighting":false,"audioPlay":false,"sceneViewState":{"m_AlwaysRefresh":false,"showFog":true,"showSkybox":false,"showFlares":true,"showImageEffects":true,"showParticleSystems":true,"showVisualEffectGraphs":true,"m_FxEnabled":true},"in2DMode":false,"pivot":{"x":-13.557037353515625,"y":0.9658913612365723,"z":-1.4846152067184449},"rotation":{"x":0.002540663816034794,"y":0.9903110265731812,"z":-0.13784953951835633,"w":0.018123844638466836},"size":2.516193151473999,"orthographic":false}