{"cameraMode":{"drawMode":0,"name":"Shaded","section":"Shading Mode"},"sceneLighting":false,"audioPlay":false,"sceneViewState":{"m_AlwaysRefresh":false,"showFog":true,"showSkybox":false,"showFlares":true,"showImageEffects":true,"showParticleSystems":true,"showVisualEffectGraphs":true,"m_FxEnabled":true},"in2DMode":false,"pivot":{"x":-13.616157531738282,"y":-1.7651300430297852,"z":-3.583986759185791},"rotation":{"x":-0.009789496660232544,"y":0.9053924679756165,"z":-0.4240335524082184,"w":-0.020920097827911378},"size":11.012715339660645,"orthographic":false}