{"cameraMode":{"drawMode":0,"name":"Shaded","section":"Shading Mode"},"sceneLighting":false,"audioPlay":false,"sceneViewState":{"m_AlwaysRefresh":false,"showFog":true,"showSkybox":false,"showFlares":true,"showImageEffects":true,"showParticleSystems":true,"showVisualEffectGraphs":true,"m_FxEnabled":true},"in2DMode":false,"pivot":{"x":1.1920928955078126e-7,"y":-0.007098972797393799,"z":-0.002869844436645508},"rotation":{"x":-0.0030689870472997429,"y":0.6827270984649658,"z":-0.7306761741638184,"w":-0.0028659438248723747},"size":1.7789244651794434,"orthographic":false}