{"cameraMode":{"drawMode":2,"name":"Shaded Wireframe","section":"Shading Mode"},"sceneLighting":false,"audioPlay":false,"sceneViewState":{"m_AlwaysRefresh":false,"showFog":true,"showSkybox":false,"showFlares":true,"showImageEffects":true,"showParticleSystems":true,"showVisualEffectGraphs":true,"m_FxEnabled":true},"in2DMode":false,"pivot":{"x":1.1920928955078126e-7,"y":-0.007098972797393799,"z":-0.002869844436645508},"rotation":{"x":0.12826502323150636,"y":0.812629222869873,"z":-0.5340508222579956,"w":0.19528783857822419},"size":1.7789244651794434,"orthographic":false}