{"cameraMode":{"drawMode":2,"name":"Shaded Wireframe","section":"Shading Mode"},"sceneLighting":false,"audioPlay":false,"sceneViewState":{"m_AlwaysRefresh":false,"showFog":true,"showSkybox":false,"showFlares":true,"showImageEffects":true,"showParticleSystems":true,"showVisualEffectGraphs":true,"m_FxEnabled":true},"in2DMode":false,"pivot":{"x":0.00202912837266922,"y":-0.09405837208032608,"z":0.21955308318138123},"rotation":{"x":-0.12059012055397034,"y":0.8763407468795776,"z":-0.36670318245887759,"w":-0.2881723940372467},"size":0.38604071736335757,"orthographic":false}