{"cameraMode":{"drawMode":0,"name":"Shaded","section":"Shading Mode"},"sceneLighting":true,"audioPlay":false,"sceneViewState":{"m_AlwaysRefresh":false,"showFog":true,"showSkybox":true,"showFlares":true,"showImageEffects":true,"showParticleSystems":true,"showVisualEffectGraphs":true,"m_FxEnabled":true},"in2DMode":false,"pivot":{"x":-5.535374164581299,"y":-0.2590444087982178,"z":2.3716039657592775},"rotation":{"x":0.019480658695101739,"y":0.9298421144485474,"z":-0.3644008934497833,"w":0.04970615729689598},"size":0.3597104847431183,"orthographic":false}