{"cameraMode":{"drawMode":0,"name":"Shaded","section":"Shading Mode"},"sceneLighting":false,"audioPlay":false,"sceneViewState":{"m_AlwaysRefresh":false,"showFog":true,"showSkybox":false,"showFlares":true,"showImageEffects":true,"showParticleSystems":true,"showVisualEffectGraphs":true,"m_FxEnabled":true},"in2DMode":false,"pivot":{"x":-0.18460193276405335,"y":5.19986629486084,"z":3.4695639610290529},"rotation":{"x":-0.001738371909596026,"y":0.9111382961273193,"z":-0.4121558368206024,"w":-0.0038224291056394579},"size":3.9396474361419679,"orthographic":false}