{"cameraMode":{"drawMode":0,"name":"Shaded","section":"Shading Mode"},"sceneLighting":false,"audioPlay":false,"sceneViewState":{"m_AlwaysRefresh":false,"showFog":true,"showSkybox":false,"showFlares":true,"showImageEffects":true,"showParticleSystems":true,"showVisualEffectGraphs":true,"m_FxEnabled":true},"in2DMode":false,"pivot":{"x":5.18764066696167,"y":0.6832166910171509,"z":1.2354178428649903},"rotation":{"x":-0.005036717280745506,"y":0.9586061835289002,"z":-0.28429555892944338,"w":-0.016966944560408593},"size":3.9396474361419679,"orthographic":false}