{"cameraMode":{"drawMode":0,"name":"Shaded","section":"Shading Mode"},"sceneLighting":false,"audioPlay":false,"sceneViewState":{"m_AlwaysRefresh":false,"showFog":true,"showSkybox":false,"showFlares":true,"showImageEffects":true,"showParticleSystems":true,"showVisualEffectGraphs":true,"m_FxEnabled":true},"in2DMode":false,"pivot":{"x":-9.269298553466797,"y":1.080031156539917,"z":-1.4539856910705567},"rotation":{"x":0.0005881182732991874,"y":0.9430140852928162,"z":-0.3328464925289154,"w":0.001702893991023302},"size":3.9396474361419679,"orthographic":false}