{"cameraMode":{"drawMode":2,"name":"Shaded Wireframe","section":"Shading Mode"},"sceneLighting":false,"audioPlay":false,"sceneViewState":{"m_AlwaysRefresh":false,"showFog":true,"showSkybox":false,"showFlares":true,"showImageEffects":true,"showParticleSystems":true,"showVisualEffectGraphs":true,"m_FxEnabled":true},"in2DMode":false,"pivot":{"x":-6.6983256340026859,"y":-21.260944366455079,"z":-8.128432273864746},"rotation":{"x":0.0037541105411946775,"y":0.9151476621627808,"z":-0.40309107303619387,"w":0.008506297133862973},"size":21.906442642211915,"orthographic":false}