{"cameraMode":{"drawMode":0,"name":"Shaded","section":"Shading Mode"},"sceneLighting":false,"audioPlay":false,"sceneViewState":{"m_AlwaysRefresh":false,"showFog":true,"showSkybox":false,"showFlares":true,"showImageEffects":true,"showParticleSystems":true,"showVisualEffectGraphs":true,"m_FxEnabled":true},"in2DMode":false,"pivot":{"x":1.652387261390686,"y":-0.9519449472427368,"z":0.785347044467926},"rotation":{"x":-0.013242660090327263,"y":0.8778785467147827,"z":-0.47833991050720217,"w":-0.024879245087504388},"size":5.7329182624816898,"orthographic":false}