{"cameraMode":{"drawMode":0,"name":"Shaded","section":"Shading Mode"},"sceneLighting":false,"audioPlay":false,"sceneViewState":{"m_AlwaysRefresh":false,"showFog":true,"showSkybox":false,"showFlares":true,"showImageEffects":true,"showParticleSystems":true,"showVisualEffectGraphs":true,"m_FxEnabled":true},"in2DMode":false,"pivot":{"x":-0.6366755962371826,"y":0.02876412495970726,"z":-0.41955000162124636},"rotation":{"x":-0.0021269379649311306,"y":-0.8797082304954529,"z":0.4759144186973572,"w":-0.0049766250886023048},"size":5.401627063751221,"orthographic":false}